Nume,Prenume,Medie
Delu,Delu,7.839999999999999
Final,Final,6.879999999999999
